dir,duty,v_V,omega_ss,K,tau_s
1,0.1,1.2,-6.52123125,-5.434359375,0.0500000000000007
1,0.2,2.4,-14.95998,-6.233325,0
1,0.3,3.6,-23.14925,-6.43034722222222,0.0500000000000007
1,0.4,4.8,-31.32125625,-6.52526171875,0.0519999999999996
-1,0.1,-1.2,6.2702875,-5.22523958333333,0.0500000000000007
-1,0.2,-2.4,14.97211875,-6.2383828125,0.0500000000000043
-1,0.3,-3.6,23.2793666666667,-6.46649074074074,0.0509999999999948
-1,0.4,-4.8,31.61725625,-6.58692838541667,0.0509999999999948
